{
    "$schema": "https://schema.management.azure.com/schemas/2015-01-01/deploymentParameters.json#",
    "contentVersion": "1.0.0.0",
    "parameters": {
        "containerGroups_reddit_streamer_workspaceKey": {
            "value": null
        },
        "vulnerabilityAssessments_Default_storageContainerPath": {
            "value": null
        },
        "namespaces_projehlayer_name": {
            "value": null
        },
        "servers_redditdtreamsqlserver_name": {
            "value": null
        },
        "storageAccounts_sentimentanlblob_name": {
            "value": null
        },
        "registries_redditingestacr_name": {
            "value": null
        },
        "containerGroups_reddit_streamer_name": {
            "value": null
        },
        "streamingjobs_redditpostssentiment_name": {
            "value": null
        }
    }
}