{
    "$schema": "https://schema.management.azure.com/schemas/2019-04-01/deploymentTemplate.json#",
    "contentVersion": "1.0.0.0",
    "parameters": {
        "containerGroups_reddit_streamer_workspaceKey": {
            "type": "SecureString"
        },
        "vulnerabilityAssessments_Default_storageContainerPath": {
            "type": "SecureString"
        },
        "namespaces_projehlayer_name": {
            "defaultValue": "projehlayer",
            "type": "String"
        },
        "servers_redditdtreamsqlserver_name": {
            "defaultValue": "redditdtreamsqlserver",
            "type": "String"
        },
        "storageAccounts_sentimentanlblob_name": {
            "defaultValue": "sentimentanlblob",
            "type": "String"
        },
        "registries_redditingestacr_name": {
            "defaultValue": "redditingestacr",
            "type": "String"
        },
        "containerGroups_reddit_streamer_name": {
            "defaultValue": "reddit-streamer",
            "type": "String"
        },
        "streamingjobs_redditpostssentiment_name": {
            "defaultValue": "redditpostssentiment",
            "type": "String"
        }
    },
    "variables": {},
    "resources": [
        {
            "type": "Microsoft.ContainerInstance/containerGroups",
            "apiVersion": "2024-10-01-preview",
            "name": "[parameters('containerGroups_reddit_streamer_name')]",
            "location": "southcentralus",
            "properties": {
                "sku": "Standard",
                "containers": [
                    {
                        "name": "[parameters('containerGroups_reddit_streamer_name')]",
                        "properties": {
                            "image": "redditingestacr.azurecr.io/reddit-stream:latest",
                            "ports": [
                                {
                                    "protocol": "TCP",
                                    "port": 80
                                }
                            ],
                            "environmentVariables": [
                                {
                                    "name": "REDDIT_CLIENT_ID",
                                    "value": "lSU6ku8hP4lar_z151Xdug"
                                },
                                {
                                    "name": "REDDIT_CLIENT_SECRET",
                                    "value": "bJkmjN2EeCj-o8K983OJwVlJcKMo3w"
                                },
                                {
                                    "name": "REDDIT_USER_AGENT",
                                    "value": "SentimentStreamBot/1.0 by Exciting_Usual_5746"
                                },
                                {
                                    "name": "EVENTHUB_CONNECTION_STRING",
                                    "value": "Endpoint=sb://projehlayer.servicebus.windows.net/;SharedAccessKeyName=RootManageSharedAccessKey;SharedAccessKey=OdJod3QXMvLGV0NcvvHNjNUYHP+LDZI01+AEhEXn4no=;EntityPath=twitterdata"
                                },
                                {
                                    "name": "EVENTHUB_NAME",
                                    "value": "twitterdata"
                                }
                            ],
                            "resources": {
                                "requests": {
                                    "memoryInGB": 4,
                                    "cpu": 2
                                }
                            }
                        }
                    }
                ],
                "initContainers": [],
                "imageRegistryCredentials": [
                    {
                        "server": "redditingestacr.azurecr.io",
                        "username": "redditingestacr"
                    }
                ],
                "restartPolicy": "OnFailure",
                "ipAddress": {
                    "ports": [
                        {
                            "protocol": "TCP",
                            "port": 80
                        }
                    ],
                    "type": "Public"
                },
                "osType": "Linux",
                "diagnostics": {
                    "logAnalytics": {
                        "workspaceId": "b0bc7c65-d349-43ec-8d78-957ad8c2a324",
                        "logType": "ContainerInstanceLogs",
                        "workspaceKey": "[parameters('containerGroups_reddit_streamer_workspaceKey')]"
                    }
                }
            }
        },
        {
            "type": "Microsoft.ContainerRegistry/registries",
            "apiVersion": "2025-05-01-preview",
            "name": "[parameters('registries_redditingestacr_name')]",
            "location": "southcentralus",
            "sku": {
                "name": "Standard",
                "tier": "Standard"
            },
            "properties": {
                "adminUserEnabled": true,
                "policies": {
                    "quarantinePolicy": {
                        "status": "disabled"
                    },
                    "trustPolicy": {
                        "type": "Notary",
                        "status": "disabled"
                    },
                    "retentionPolicy": {
                        "days": 7,
                        "status": "disabled"
                    },
                    "exportPolicy": {
                        "status": "enabled"
                    },
                    "azureADAuthenticationAsArmPolicy": {
                        "status": "enabled"
                    },
                    "softDeletePolicy": {
                        "retentionDays": 7,
                        "status": "disabled"
                    }
                },
                "encryption": {
                    "status": "disabled"
                },
                "dataEndpointEnabled": false,
                "publicNetworkAccess": "Enabled",
                "networkRuleBypassOptions": "AzureServices",
                "networkRuleBypassAllowedForTasks": false,
                "zoneRedundancy": "Disabled",
                "anonymousPullEnabled": false,
                "metadataSearch": "Disabled",
                "roleAssignmentMode": "LegacyRegistryPermissions",
                "autoGeneratedDomainNameLabelScope": "Unsecure"
            }
        },
        {
            "type": "Microsoft.EventHub/namespaces",
            "apiVersion": "2024-05-01-preview",
            "name": "[parameters('namespaces_projehlayer_name')]",
            "location": "southcentralus",
            "sku": {
                "name": "Standard",
                "tier": "Standard",
                "capacity": 1
            },
            "properties": {
                "geoDataReplication": {
                    "maxReplicationLagDurationInSeconds": 0,
                    "locations": [
                        {
                            "locationName": "southcentralus",
                            "roleType": "Primary"
                        }
                    ]
                },
                "minimumTlsVersion": "1.2",
                "publicNetworkAccess": "Enabled",
                "disableLocalAuth": false,
                "zoneRedundant": true,
                "isAutoInflateEnabled": false,
                "maximumThroughputUnits": 0,
                "kafkaEnabled": true
            }
        },
        {
            "type": "Microsoft.Sql/servers",
            "apiVersion": "2024-05-01-preview",
            "name": "[parameters('servers_redditdtreamsqlserver_name')]",
            "location": "northcentralus",
            "kind": "v12.0",
            "properties": {
                "administratorLogin": "admusername",
                "version": "12.0",
                "minimalTlsVersion": "1.2",
                "publicNetworkAccess": "Enabled",
                "restrictOutboundNetworkAccess": "Disabled"
            }
        },
        {
            "type": "Microsoft.Storage/storageAccounts",
            "apiVersion": "2025-01-01",
            "name": "[parameters('storageAccounts_sentimentanlblob_name')]",
            "location": "southcentralus",
            "sku": {
                "name": "Standard_RAGRS",
                "tier": "Standard"
            },
            "kind": "StorageV2",
            "properties": {
                "dnsEndpointType": "Standard",
                "defaultToOAuthAuthentication": false,
                "publicNetworkAccess": "Enabled",
                "allowCrossTenantReplication": false,
                "isSftpEnabled": false,
                "minimumTlsVersion": "TLS1_2",
                "allowBlobPublicAccess": false,
                "allowSharedKeyAccess": true,
                "largeFileSharesState": "Enabled",
                "isHnsEnabled": true,
                "networkAcls": {
                    "bypass": "AzureServices",
                    "virtualNetworkRules": [],
                    "ipRules": [],
                    "defaultAction": "Allow"
                },
                "supportsHttpsTrafficOnly": true,
                "encryption": {
                    "requireInfrastructureEncryption": false,
                    "services": {
                        "file": {
                            "keyType": "Account",
                            "enabled": true
                        },
                        "blob": {
                            "keyType": "Account",
                            "enabled": true
                        }
                    },
                    "keySource": "Microsoft.Storage"
                },
                "accessTier": "Hot"
            }
        },
        {
            "type": "Microsoft.StreamAnalytics/streamingjobs",
            "apiVersion": "2021-10-01-preview",
            "name": "[parameters('streamingjobs_redditpostssentiment_name')]",
            "location": "South Central US",
            "sku": {
                "name": "StandardV2",
                "capacity": 10
            },
            "identity": {
                "type": "SystemAssigned"
            },
            "properties": {
                "sku": {
                    "name": "StandardV2"
                },
                "outputStartMode": "JobStartTime",
                "outputStartTime": "2025-07-28T02:09:55.567Z",
                "eventsOutOfOrderPolicy": "Adjust",
                "outputErrorPolicy": "Stop",
                "eventsOutOfOrderMaxDelayInSeconds": 5,
                "eventsLateArrivalMaxDelayInSeconds": 5,
                "dataLocale": "en-US",
                "compatibilityLevel": "1.2",
                "contentStoragePolicy": "SystemAccount",
                "jobType": "Cloud"
            }
        },
        {
            "type": "Microsoft.ContainerRegistry/registries/scopeMaps",
            "apiVersion": "2025-05-01-preview",
            "name": "[concat(parameters('registries_redditingestacr_name'), '/_repositories_admin')]",
            "dependsOn": [
                "[resourceId('Microsoft.ContainerRegistry/registries', parameters('registries_redditingestacr_name'))]"
            ],
            "properties": {
                "description": "Can perform all read, write and delete operations on the registry",
                "actions": [
                    "repositories/*/metadata/read",
                    "repositories/*/metadata/write",
                    "repositories/*/content/read",
                    "repositories/*/content/write",
                    "repositories/*/content/delete"
                ]
            }
        },
        {
            "type": "Microsoft.ContainerRegistry/registries/scopeMaps",
            "apiVersion": "2025-05-01-preview",
            "name": "[concat(parameters('registries_redditingestacr_name'), '/_repositories_pull')]",
            "dependsOn": [
                "[resourceId('Microsoft.ContainerRegistry/registries', parameters('registries_redditingestacr_name'))]"
            ],
            "properties": {
                "description": "Can pull any repository of the registry",
                "actions": [
                    "repositories/*/content/read"
                ]
            }
        },
        {
            "type": "Microsoft.ContainerRegistry/registries/scopeMaps",
            "apiVersion": "2025-05-01-preview",
            "name": "[concat(parameters('registries_redditingestacr_name'), '/_repositories_pull_metadata_read')]",
            "dependsOn": [
                "[resourceId('Microsoft.ContainerRegistry/registries', parameters('registries_redditingestacr_name'))]"
            ],
            "properties": {
                "description": "Can perform all read operations on the registry",
                "actions": [
                    "repositories/*/content/read",
                    "repositories/*/metadata/read"
                ]
            }
        },
        {
            "type": "Microsoft.ContainerRegistry/registries/scopeMaps",
            "apiVersion": "2025-05-01-preview",
            "name": "[concat(parameters('registries_redditingestacr_name'), '/_repositories_push')]",
            "dependsOn": [
                "[resourceId('Microsoft.ContainerRegistry/registries', parameters('registries_redditingestacr_name'))]"
            ],
            "properties": {
                "description": "Can push to any repository of the registry",
                "actions": [
                    "repositories/*/content/read",
                    "repositories/*/content/write"
                ]
            }
        },
        {
            "type": "Microsoft.ContainerRegistry/registries/scopeMaps",
            "apiVersion": "2025-05-01-preview",
            "name": "[concat(parameters('registries_redditingestacr_name'), '/_repositories_push_metadata_write')]",
            "dependsOn": [
                "[resourceId('Microsoft.ContainerRegistry/registries', parameters('registries_redditingestacr_name'))]"
            ],
            "properties": {
                "description": "Can perform all read and write operations on the registry",
                "actions": [
                    "repositories/*/metadata/read",
                    "repositories/*/metadata/write",
                    "repositories/*/content/read",
                    "repositories/*/content/write"
                ]
            }
        },
        {
            "type": "Microsoft.EventHub/namespaces/authorizationrules",
            "apiVersion": "2024-05-01-preview",
            "name": "[concat(parameters('namespaces_projehlayer_name'), '/RootManageSharedAccessKey')]",
            "location": "southcentralus",
            "dependsOn": [
                "[resourceId('Microsoft.EventHub/namespaces', parameters('namespaces_projehlayer_name'))]"
            ],
            "properties": {
                "rights": [
                    "Listen",
                    "Manage",
                    "Send"
                ]
            }
        },
        {
            "type": "Microsoft.EventHub/namespaces/eventhubs",
            "apiVersion": "2024-05-01-preview",
            "name": "[concat(parameters('namespaces_projehlayer_name'), '/twitterdata')]",
            "location": "southcentralus",
            "dependsOn": [
                "[resourceId('Microsoft.EventHub/namespaces', parameters('namespaces_projehlayer_name'))]"
            ],
            "properties": {
                "messageTimestampDescription": {
                    "timestampType": "LogAppend"
                },
                "retentionDescription": {
                    "cleanupPolicy": "Delete",
                    "retentionTimeInHours": 1
                },
                "messageRetentionInDays": 1,
                "partitionCount": 1,
                "status": "Active"
            }
        },
        {
            "type": "Microsoft.EventHub/namespaces/networkrulesets",
            "apiVersion": "2024-05-01-preview",
            "name": "[concat(parameters('namespaces_projehlayer_name'), '/default')]",
            "location": "southcentralus",
            "dependsOn": [
                "[resourceId('Microsoft.EventHub/namespaces', parameters('namespaces_projehlayer_name'))]"
            ],
            "properties": {
                "publicNetworkAccess": "Enabled",
                "defaultAction": "Allow",
                "virtualNetworkRules": [],
                "ipRules": [],
                "trustedServiceAccessEnabled": false
            }
        },
        {
            "type": "Microsoft.Sql/servers/advancedThreatProtectionSettings",
            "apiVersion": "2024-05-01-preview",
            "name": "[concat(parameters('servers_redditdtreamsqlserver_name'), '/Default')]",
            "dependsOn": [
                "[resourceId('Microsoft.Sql/servers', parameters('servers_redditdtreamsqlserver_name'))]"
            ],
            "properties": {
                "state": "Enabled"
            }
        },
        {
            "type": "Microsoft.Sql/servers/advisors",
            "apiVersion": "2014-04-01",
            "name": "[concat(parameters('servers_redditdtreamsqlserver_name'), '/CreateIndex')]",
            "dependsOn": [
                "[resourceId('Microsoft.Sql/servers', parameters('servers_redditdtreamsqlserver_name'))]"
            ],
            "properties": {
                "autoExecuteValue": "Disabled"
            }
        },
        {
            "type": "Microsoft.Sql/servers/advisors",
            "apiVersion": "2014-04-01",
            "name": "[concat(parameters('servers_redditdtreamsqlserver_name'), '/DbParameterization')]",
            "dependsOn": [
                "[resourceId('Microsoft.Sql/servers', parameters('servers_redditdtreamsqlserver_name'))]"
            ],
            "properties": {
                "autoExecuteValue": "Disabled"
            }
        },
        {
            "type": "Microsoft.Sql/servers/advisors",
            "apiVersion": "2014-04-01",
            "name": "[concat(parameters('servers_redditdtreamsqlserver_name'), '/DefragmentIndex')]",
            "dependsOn": [
                "[resourceId('Microsoft.Sql/servers', parameters('servers_redditdtreamsqlserver_name'))]"
            ],
            "properties": {
                "autoExecuteValue": "Disabled"
            }
        },
        {
            "type": "Microsoft.Sql/servers/advisors",
            "apiVersion": "2014-04-01",
            "name": "[concat(parameters('servers_redditdtreamsqlserver_name'), '/DropIndex')]",
            "dependsOn": [
                "[resourceId('Microsoft.Sql/servers', parameters('servers_redditdtreamsqlserver_name'))]"
            ],
            "properties": {
                "autoExecuteValue": "Disabled"
            }
        },
        {
            "type": "Microsoft.Sql/servers/advisors",
            "apiVersion": "2014-04-01",
            "name": "[concat(parameters('servers_redditdtreamsqlserver_name'), '/ForceLastGoodPlan')]",
            "dependsOn": [
                "[resourceId('Microsoft.Sql/servers', parameters('servers_redditdtreamsqlserver_name'))]"
            ],
            "properties": {
                "autoExecuteValue": "Enabled"
            }
        },
        {
            "type": "Microsoft.Sql/servers/auditingPolicies",
            "apiVersion": "2014-04-01",
            "name": "[concat(parameters('servers_redditdtreamsqlserver_name'), '/Default')]",
            "location": "North Central US",
            "dependsOn": [
                "[resourceId('Microsoft.Sql/servers', parameters('servers_redditdtreamsqlserver_name'))]"
            ],
            "properties": {
                "auditingState": "Disabled"
            }
        },
        {
            "type": "Microsoft.Sql/servers/auditingSettings",
            "apiVersion": "2024-05-01-preview",
            "name": "[concat(parameters('servers_redditdtreamsqlserver_name'), '/Default')]",
            "dependsOn": [
                "[resourceId('Microsoft.Sql/servers', parameters('servers_redditdtreamsqlserver_name'))]"
            ],
            "properties": {
                "retentionDays": 0,
                "auditActionsAndGroups": [],
                "isStorageSecondaryKeyInUse": false,
                "isAzureMonitorTargetEnabled": false,
                "isManagedIdentityInUse": false,
                "state": "Disabled",
                "storageAccountSubscriptionId": "00000000-0000-0000-0000-000000000000"
            }
        },
        {
            "type": "Microsoft.Sql/servers/connectionPolicies",
            "apiVersion": "2024-05-01-preview",
            "name": "[concat(parameters('servers_redditdtreamsqlserver_name'), '/default')]",
            "location": "northcentralus",
            "dependsOn": [
                "[resourceId('Microsoft.Sql/servers', parameters('servers_redditdtreamsqlserver_name'))]"
            ],
            "properties": {
                "connectionType": "Default"
            }
        },
        {
            "type": "Microsoft.Sql/servers/databases",
            "apiVersion": "2024-05-01-preview",
            "name": "[concat(parameters('servers_redditdtreamsqlserver_name'), '/redditstreamdb')]",
            "location": "northcentralus",
            "dependsOn": [
                "[resourceId('Microsoft.Sql/servers', parameters('servers_redditdtreamsqlserver_name'))]"
            ],
            "sku": {
                "name": "GP_Gen5",
                "tier": "GeneralPurpose",
                "family": "Gen5",
                "capacity": 2
            },
            "kind": "v12.0,user,vcore",
            "properties": {
                "collation": "SQL_Latin1_General_CP1_CI_AS",
                "maxSizeBytes": 34359738368,
                "catalogCollation": "SQL_Latin1_General_CP1_CI_AS",
                "zoneRedundant": false,
                "licenseType": "LicenseIncluded",
                "readScale": "Disabled",
                "requestedBackupStorageRedundancy": "Geo",
                "maintenanceConfigurationId": "/subscriptions/571609ab-6a8b-48d1-b39b-fd430869c748/providers/Microsoft.Maintenance/publicMaintenanceConfigurations/SQL_Default",
                "isLedgerOn": false,
                "availabilityZone": "NoPreference"
            }
        },
        {
            "type": "Microsoft.Sql/servers/databases/advancedThreatProtectionSettings",
            "apiVersion": "2024-05-01-preview",
            "name": "[concat(parameters('servers_redditdtreamsqlserver_name'), '/master/Default')]",
            "dependsOn": [
                "[resourceId('Microsoft.Sql/servers', parameters('servers_redditdtreamsqlserver_name'))]"
            ],
            "properties": {
                "state": "Disabled"
            }
        },
        {
            "type": "Microsoft.Sql/servers/databases/auditingPolicies",
            "apiVersion": "2014-04-01",
            "name": "[concat(parameters('servers_redditdtreamsqlserver_name'), '/master/Default')]",
            "location": "North Central US",
            "dependsOn": [
                "[resourceId('Microsoft.Sql/servers', parameters('servers_redditdtreamsqlserver_name'))]"
            ],
            "properties": {
                "auditingState": "Disabled"
            }
        },
        {
            "type": "Microsoft.Sql/servers/databases/auditingSettings",
            "apiVersion": "2024-05-01-preview",
            "name": "[concat(parameters('servers_redditdtreamsqlserver_name'), '/master/Default')]",
            "dependsOn": [
                "[resourceId('Microsoft.Sql/servers', parameters('servers_redditdtreamsqlserver_name'))]"
            ],
            "properties": {
                "retentionDays": 0,
                "isAzureMonitorTargetEnabled": false,
                "state": "Disabled",
                "storageAccountSubscriptionId": "00000000-0000-0000-0000-000000000000"
            }
        },
        {
            "type": "Microsoft.Sql/servers/databases/extendedAuditingSettings",
            "apiVersion": "2024-05-01-preview",
            "name": "[concat(parameters('servers_redditdtreamsqlserver_name'), '/master/Default')]",
            "dependsOn": [
                "[resourceId('Microsoft.Sql/servers', parameters('servers_redditdtreamsqlserver_name'))]"
            ],
            "properties": {
                "retentionDays": 0,
                "isAzureMonitorTargetEnabled": false,
                "state": "Disabled",
                "storageAccountSubscriptionId": "00000000-0000-0000-0000-000000000000"
            }
        },
        {
            "type": "Microsoft.Sql/servers/databases/geoBackupPolicies",
            "apiVersion": "2024-05-01-preview",
            "name": "[concat(parameters('servers_redditdtreamsqlserver_name'), '/master/Default')]",
            "dependsOn": [
                "[resourceId('Microsoft.Sql/servers', parameters('servers_redditdtreamsqlserver_name'))]"
            ],
            "properties": {
                "state": "Disabled"
            }
        },
        {
            "type": "Microsoft.Sql/servers/databases/ledgerDigestUploads",
            "apiVersion": "2024-05-01-preview",
            "name": "[concat(parameters('servers_redditdtreamsqlserver_name'), '/master/Current')]",
            "dependsOn": [
                "[resourceId('Microsoft.Sql/servers', parameters('servers_redditdtreamsqlserver_name'))]"
            ],
            "properties": {}
        },
        {
            "type": "Microsoft.Sql/servers/databases/securityAlertPolicies",
            "apiVersion": "2024-05-01-preview",
            "name": "[concat(parameters('servers_redditdtreamsqlserver_name'), '/master/Default')]",
            "dependsOn": [
                "[resourceId('Microsoft.Sql/servers', parameters('servers_redditdtreamsqlserver_name'))]"
            ],
            "properties": {
                "state": "Disabled",
                "disabledAlerts": [
                    ""
                ],
                "emailAddresses": [
                    ""
                ],
                "emailAccountAdmins": false,
                "retentionDays": 0
            }
        },
        {
            "type": "Microsoft.Sql/servers/databases/transparentDataEncryption",
            "apiVersion": "2024-05-01-preview",
            "name": "[concat(parameters('servers_redditdtreamsqlserver_name'), '/master/Current')]",
            "dependsOn": [
                "[resourceId('Microsoft.Sql/servers', parameters('servers_redditdtreamsqlserver_name'))]"
            ],
            "properties": {
                "state": "Disabled"
            }
        },
        {
            "type": "Microsoft.Sql/servers/databases/vulnerabilityAssessments",
            "apiVersion": "2024-05-01-preview",
            "name": "[concat(parameters('servers_redditdtreamsqlserver_name'), '/master/Default')]",
            "dependsOn": [
                "[resourceId('Microsoft.Sql/servers', parameters('servers_redditdtreamsqlserver_name'))]"
            ],
            "properties": {
                "recurringScans": {
                    "isEnabled": false,
                    "emailSubscriptionAdmins": true,
                    "emails": []
                }
            }
        },
        {
            "type": "Microsoft.Sql/servers/devOpsAuditingSettings",
            "apiVersion": "2024-05-01-preview",
            "name": "[concat(parameters('servers_redditdtreamsqlserver_name'), '/Default')]",
            "dependsOn": [
                "[resourceId('Microsoft.Sql/servers', parameters('servers_redditdtreamsqlserver_name'))]"
            ],
            "properties": {
                "isAzureMonitorTargetEnabled": false,
                "isManagedIdentityInUse": false,
                "state": "Disabled",
                "storageAccountSubscriptionId": "00000000-0000-0000-0000-000000000000"
            }
        },
        {
            "type": "Microsoft.Sql/servers/encryptionProtector",
            "apiVersion": "2024-05-01-preview",
            "name": "[concat(parameters('servers_redditdtreamsqlserver_name'), '/current')]",
            "dependsOn": [
                "[resourceId('Microsoft.Sql/servers', parameters('servers_redditdtreamsqlserver_name'))]"
            ],
            "kind": "servicemanaged",
            "properties": {
                "serverKeyName": "ServiceManaged",
                "serverKeyType": "ServiceManaged",
                "autoRotationEnabled": false
            }
        },
        {
            "type": "Microsoft.Sql/servers/extendedAuditingSettings",
            "apiVersion": "2024-05-01-preview",
            "name": "[concat(parameters('servers_redditdtreamsqlserver_name'), '/Default')]",
            "dependsOn": [
                "[resourceId('Microsoft.Sql/servers', parameters('servers_redditdtreamsqlserver_name'))]"
            ],
            "properties": {
                "retentionDays": 0,
                "auditActionsAndGroups": [],
                "isStorageSecondaryKeyInUse": false,
                "isAzureMonitorTargetEnabled": false,
                "isManagedIdentityInUse": false,
                "state": "Disabled",
                "storageAccountSubscriptionId": "00000000-0000-0000-0000-000000000000"
            }
        },
        {
            "type": "Microsoft.Sql/servers/firewallRules",
            "apiVersion": "2024-05-01-preview",
            "name": "[concat(parameters('servers_redditdtreamsqlserver_name'), '/AllowAllWindowsAzureIps')]",
            "dependsOn": [
                "[resourceId('Microsoft.Sql/servers', parameters('servers_redditdtreamsqlserver_name'))]"
            ],
            "properties": {
                "startIpAddress": "0.0.0.0",
                "endIpAddress": "0.0.0.0"
            }
        },
        {
            "type": "Microsoft.Sql/servers/firewallRules",
            "apiVersion": "2024-05-01-preview",
            "name": "[concat(parameters('servers_redditdtreamsqlserver_name'), '/ClientIPAddress_2025-7-26_2-14-32')]",
            "dependsOn": [
                "[resourceId('Microsoft.Sql/servers', parameters('servers_redditdtreamsqlserver_name'))]"
            ],
            "properties": {
                "startIpAddress": "73.77.54.190",
                "endIpAddress": "73.77.54.190"
            }
        },
        {
            "type": "Microsoft.Sql/servers/keys",
            "apiVersion": "2024-05-01-preview",
            "name": "[concat(parameters('servers_redditdtreamsqlserver_name'), '/ServiceManaged')]",
            "dependsOn": [
                "[resourceId('Microsoft.Sql/servers', parameters('servers_redditdtreamsqlserver_name'))]"
            ],
            "kind": "servicemanaged",
            "properties": {
                "serverKeyType": "ServiceManaged"
            }
        },
        {
            "type": "Microsoft.Sql/servers/securityAlertPolicies",
            "apiVersion": "2024-05-01-preview",
            "name": "[concat(parameters('servers_redditdtreamsqlserver_name'), '/Default')]",
            "dependsOn": [
                "[resourceId('Microsoft.Sql/servers', parameters('servers_redditdtreamsqlserver_name'))]"
            ],
            "properties": {
                "state": "Enabled",
                "disabledAlerts": [
                    ""
                ],
                "emailAddresses": [
                    ""
                ],
                "emailAccountAdmins": false,
                "retentionDays": 0
            }
        },
        {
            "type": "Microsoft.Sql/servers/sqlVulnerabilityAssessments",
            "apiVersion": "2024-05-01-preview",
            "name": "[concat(parameters('servers_redditdtreamsqlserver_name'), '/Default')]",
            "dependsOn": [
                "[resourceId('Microsoft.Sql/servers', parameters('servers_redditdtreamsqlserver_name'))]"
            ],
            "properties": {
                "state": "Enabled"
            }
        },
        {
            "type": "Microsoft.Sql/servers/vulnerabilityAssessments",
            "apiVersion": "2024-05-01-preview",
            "name": "[concat(parameters('servers_redditdtreamsqlserver_name'), '/Default')]",
            "dependsOn": [
                "[resourceId('Microsoft.Sql/servers', parameters('servers_redditdtreamsqlserver_name'))]"
            ],
            "properties": {
                "recurringScans": {
                    "isEnabled": false,
                    "emailSubscriptionAdmins": true
                },
                "storageContainerPath": "[parameters('vulnerabilityAssessments_Default_storageContainerPath')]"
            }
        },
        {
            "type": "Microsoft.Storage/storageAccounts/blobServices",
            "apiVersion": "2025-01-01",
            "name": "[concat(parameters('storageAccounts_sentimentanlblob_name'), '/default')]",
            "dependsOn": [
                "[resourceId('Microsoft.Storage/storageAccounts', parameters('storageAccounts_sentimentanlblob_name'))]"
            ],
            "sku": {
                "name": "Standard_RAGRS",
                "tier": "Standard"
            },
            "properties": {
                "containerDeleteRetentionPolicy": {
                    "enabled": true,
                    "days": 7
                },
                "cors": {
                    "corsRules": []
                },
                "deleteRetentionPolicy": {
                    "allowPermanentDelete": false,
                    "enabled": true,
                    "days": 7
                }
            }
        },
        {
            "type": "Microsoft.Storage/storageAccounts/fileServices",
            "apiVersion": "2025-01-01",
            "name": "[concat(parameters('storageAccounts_sentimentanlblob_name'), '/default')]",
            "dependsOn": [
                "[resourceId('Microsoft.Storage/storageAccounts', parameters('storageAccounts_sentimentanlblob_name'))]"
            ],
            "sku": {
                "name": "Standard_RAGRS",
                "tier": "Standard"
            },
            "properties": {
                "protocolSettings": {
                    "smb": {}
                },
                "cors": {
                    "corsRules": []
                },
                "shareDeleteRetentionPolicy": {
                    "enabled": true,
                    "days": 7
                }
            }
        },
        {
            "type": "Microsoft.Storage/storageAccounts/queueServices",
            "apiVersion": "2025-01-01",
            "name": "[concat(parameters('storageAccounts_sentimentanlblob_name'), '/default')]",
            "dependsOn": [
                "[resourceId('Microsoft.Storage/storageAccounts', parameters('storageAccounts_sentimentanlblob_name'))]"
            ],
            "properties": {
                "cors": {
                    "corsRules": []
                }
            }
        },
        {
            "type": "Microsoft.Storage/storageAccounts/tableServices",
            "apiVersion": "2025-01-01",
            "name": "[concat(parameters('storageAccounts_sentimentanlblob_name'), '/default')]",
            "dependsOn": [
                "[resourceId('Microsoft.Storage/storageAccounts', parameters('storageAccounts_sentimentanlblob_name'))]"
            ],
            "properties": {
                "cors": {
                    "corsRules": []
                }
            }
        },
        {
            "type": "Microsoft.StreamAnalytics/streamingjobs/inputs",
            "apiVersion": "2021-10-01-preview",
            "name": "[concat(parameters('streamingjobs_redditpostssentiment_name'), '/twitterdata')]",
            "dependsOn": [
                "[resourceId('Microsoft.StreamAnalytics/streamingjobs', parameters('streamingjobs_redditpostssentiment_name'))]"
            ],
            "properties": {
                "type": "Stream",
                "datasource": {
                    "type": "Microsoft.EventHub/EventHub",
                    "properties": {
                        "consumerGroupName": "redditpostssentiment_consumer_group",
                        "eventHubName": "twitterdata",
                        "serviceBusNamespace": "projehlayer",
                        "sharedAccessPolicyName": "redditpostssentiment_policy",
                        "authenticationMode": "Msi"
                    }
                },
                "compression": {
                    "type": "None"
                },
                "serialization": {
                    "type": "Json",
                    "properties": {
                        "encoding": "UTF8"
                    }
                }
            }
        },
        {
            "type": "Microsoft.StreamAnalytics/streamingjobs/outputs",
            "apiVersion": "2021-10-01-preview",
            "name": "[concat(parameters('streamingjobs_redditpostssentiment_name'), '/redditstreamdb')]",
            "dependsOn": [
                "[resourceId('Microsoft.StreamAnalytics/streamingjobs', parameters('streamingjobs_redditpostssentiment_name'))]"
            ],
            "properties": {
                "datasource": {
                    "type": "Microsoft.Sql/Server/Database",
                    "properties": {
                        "maxWriterCount": 1,
                        "maxBatchCount": 10000,
                        "table": "[[dbo].[EmotionCounts]",
                        "server": "redditdtreamsqlserver",
                        "database": "redditstreamdb",
                        "user": "admusername",
                        "authenticationMode": "ConnectionString"
                    }
                }
            }
        },
        {
            "type": "Microsoft.EventHub/namespaces/eventhubs/authorizationrules",
            "apiVersion": "2024-05-01-preview",
            "name": "[concat(parameters('namespaces_projehlayer_name'), '/twitterdata/PreviewDataPolicy')]",
            "location": "southcentralus",
            "dependsOn": [
                "[resourceId('Microsoft.EventHub/namespaces/eventhubs', parameters('namespaces_projehlayer_name'), 'twitterdata')]",
                "[resourceId('Microsoft.EventHub/namespaces', parameters('namespaces_projehlayer_name'))]"
            ],
            "properties": {
                "rights": [
                    "Listen"
                ]
            }
        },
        {
            "type": "Microsoft.EventHub/namespaces/eventhubs/authorizationrules",
            "apiVersion": "2024-05-01-preview",
            "name": "[concat(parameters('namespaces_projehlayer_name'), '/twitterdata/redditpostssentiment_policy')]",
            "location": "southcentralus",
            "dependsOn": [
                "[resourceId('Microsoft.EventHub/namespaces/eventhubs', parameters('namespaces_projehlayer_name'), 'twitterdata')]",
                "[resourceId('Microsoft.EventHub/namespaces', parameters('namespaces_projehlayer_name'))]"
            ],
            "properties": {
                "rights": [
                    "Listen"
                ]
            }
        },
        {
            "type": "Microsoft.EventHub/namespaces/eventhubs/authorizationrules",
            "apiVersion": "2024-05-01-preview",
            "name": "[concat(parameters('namespaces_projehlayer_name'), '/twitterdata/tweetpolicy')]",
            "location": "southcentralus",
            "dependsOn": [
                "[resourceId('Microsoft.EventHub/namespaces/eventhubs', parameters('namespaces_projehlayer_name'), 'twitterdata')]",
                "[resourceId('Microsoft.EventHub/namespaces', parameters('namespaces_projehlayer_name'))]"
            ],
            "properties": {
                "rights": [
                    "Send"
                ]
            }
        },
        {
            "type": "Microsoft.EventHub/namespaces/eventhubs/consumergroups",
            "apiVersion": "2024-05-01-preview",
            "name": "[concat(parameters('namespaces_projehlayer_name'), '/twitterdata/$Default')]",
            "location": "southcentralus",
            "dependsOn": [
                "[resourceId('Microsoft.EventHub/namespaces/eventhubs', parameters('namespaces_projehlayer_name'), 'twitterdata')]",
                "[resourceId('Microsoft.EventHub/namespaces', parameters('namespaces_projehlayer_name'))]"
            ],
            "properties": {}
        },
        {
            "type": "Microsoft.EventHub/namespaces/eventhubs/consumergroups",
            "apiVersion": "2024-05-01-preview",
            "name": "[concat(parameters('namespaces_projehlayer_name'), '/twitterdata/preview_data_consumer_group')]",
            "location": "southcentralus",
            "dependsOn": [
                "[resourceId('Microsoft.EventHub/namespaces/eventhubs', parameters('namespaces_projehlayer_name'), 'twitterdata')]",
                "[resourceId('Microsoft.EventHub/namespaces', parameters('namespaces_projehlayer_name'))]"
            ],
            "properties": {}
        },
        {
            "type": "Microsoft.EventHub/namespaces/eventhubs/consumergroups",
            "apiVersion": "2024-05-01-preview",
            "name": "[concat(parameters('namespaces_projehlayer_name'), '/twitterdata/redditpostssentiment_consumer_group')]",
            "location": "southcentralus",
            "dependsOn": [
                "[resourceId('Microsoft.EventHub/namespaces/eventhubs', parameters('namespaces_projehlayer_name'), 'twitterdata')]",
                "[resourceId('Microsoft.EventHub/namespaces', parameters('namespaces_projehlayer_name'))]"
            ],
            "properties": {}
        },
        {
            "type": "Microsoft.Sql/servers/databases/advancedThreatProtectionSettings",
            "apiVersion": "2024-05-01-preview",
            "name": "[concat(parameters('servers_redditdtreamsqlserver_name'), '/redditstreamdb/Default')]",
            "dependsOn": [
                "[resourceId('Microsoft.Sql/servers/databases', parameters('servers_redditdtreamsqlserver_name'), 'redditstreamdb')]",
                "[resourceId('Microsoft.Sql/servers', parameters('servers_redditdtreamsqlserver_name'))]"
            ],
            "properties": {
                "state": "Disabled"
            }
        },
        {
            "type": "Microsoft.Sql/servers/databases/advisors",
            "apiVersion": "2014-04-01",
            "name": "[concat(parameters('servers_redditdtreamsqlserver_name'), '/redditstreamdb/CreateIndex')]",
            "dependsOn": [
                "[resourceId('Microsoft.Sql/servers/databases', parameters('servers_redditdtreamsqlserver_name'), 'redditstreamdb')]",
                "[resourceId('Microsoft.Sql/servers', parameters('servers_redditdtreamsqlserver_name'))]"
            ],
            "properties": {
                "autoExecuteValue": "Disabled"
            }
        },
        {
            "type": "Microsoft.Sql/servers/databases/advisors",
            "apiVersion": "2014-04-01",
            "name": "[concat(parameters('servers_redditdtreamsqlserver_name'), '/redditstreamdb/DbParameterization')]",
            "dependsOn": [
                "[resourceId('Microsoft.Sql/servers/databases', parameters('servers_redditdtreamsqlserver_name'), 'redditstreamdb')]",
                "[resourceId('Microsoft.Sql/servers', parameters('servers_redditdtreamsqlserver_name'))]"
            ],
            "properties": {
                "autoExecuteValue": "Disabled"
            }
        },
        {
            "type": "Microsoft.Sql/servers/databases/advisors",
            "apiVersion": "2014-04-01",
            "name": "[concat(parameters('servers_redditdtreamsqlserver_name'), '/redditstreamdb/DefragmentIndex')]",
            "dependsOn": [
                "[resourceId('Microsoft.Sql/servers/databases', parameters('servers_redditdtreamsqlserver_name'), 'redditstreamdb')]",
                "[resourceId('Microsoft.Sql/servers', parameters('servers_redditdtreamsqlserver_name'))]"
            ],
            "properties": {
                "autoExecuteValue": "Disabled"
            }
        },
        {
            "type": "Microsoft.Sql/servers/databases/advisors",
            "apiVersion": "2014-04-01",
            "name": "[concat(parameters('servers_redditdtreamsqlserver_name'), '/redditstreamdb/DropIndex')]",
            "dependsOn": [
                "[resourceId('Microsoft.Sql/servers/databases', parameters('servers_redditdtreamsqlserver_name'), 'redditstreamdb')]",
                "[resourceId('Microsoft.Sql/servers', parameters('servers_redditdtreamsqlserver_name'))]"
            ],
            "properties": {
                "autoExecuteValue": "Disabled"
            }
        },
        {
            "type": "Microsoft.Sql/servers/databases/advisors",
            "apiVersion": "2014-04-01",
            "name": "[concat(parameters('servers_redditdtreamsqlserver_name'), '/redditstreamdb/ForceLastGoodPlan')]",
            "dependsOn": [
                "[resourceId('Microsoft.Sql/servers/databases', parameters('servers_redditdtreamsqlserver_name'), 'redditstreamdb')]",
                "[resourceId('Microsoft.Sql/servers', parameters('servers_redditdtreamsqlserver_name'))]"
            ],
            "properties": {
                "autoExecuteValue": "Enabled"
            }
        },
        {
            "type": "Microsoft.Sql/servers/databases/auditingPolicies",
            "apiVersion": "2014-04-01",
            "name": "[concat(parameters('servers_redditdtreamsqlserver_name'), '/redditstreamdb/Default')]",
            "location": "North Central US",
            "dependsOn": [
                "[resourceId('Microsoft.Sql/servers/databases', parameters('servers_redditdtreamsqlserver_name'), 'redditstreamdb')]",
                "[resourceId('Microsoft.Sql/servers', parameters('servers_redditdtreamsqlserver_name'))]"
            ],
            "properties": {
                "auditingState": "Disabled"
            }
        },
        {
            "type": "Microsoft.Sql/servers/databases/auditingSettings",
            "apiVersion": "2024-05-01-preview",
            "name": "[concat(parameters('servers_redditdtreamsqlserver_name'), '/redditstreamdb/Default')]",
            "dependsOn": [
                "[resourceId('Microsoft.Sql/servers/databases', parameters('servers_redditdtreamsqlserver_name'), 'redditstreamdb')]",
                "[resourceId('Microsoft.Sql/servers', parameters('servers_redditdtreamsqlserver_name'))]"
            ],
            "properties": {
                "retentionDays": 0,
                "isAzureMonitorTargetEnabled": false,
                "state": "Disabled",
                "storageAccountSubscriptionId": "00000000-0000-0000-0000-000000000000"
            }
        },
        {
            "type": "Microsoft.Sql/servers/databases/backupLongTermRetentionPolicies",
            "apiVersion": "2024-05-01-preview",
            "name": "[concat(parameters('servers_redditdtreamsqlserver_name'), '/redditstreamdb/default')]",
            "dependsOn": [
                "[resourceId('Microsoft.Sql/servers/databases', parameters('servers_redditdtreamsqlserver_name'), 'redditstreamdb')]",
                "[resourceId('Microsoft.Sql/servers', parameters('servers_redditdtreamsqlserver_name'))]"
            ],
            "properties": {
                "weeklyRetention": "PT0S",
                "monthlyRetention": "PT0S",
                "yearlyRetention": "PT0S",
                "weekOfYear": 0
            }
        },
        {
            "type": "Microsoft.Sql/servers/databases/backupShortTermRetentionPolicies",
            "apiVersion": "2024-05-01-preview",
            "name": "[concat(parameters('servers_redditdtreamsqlserver_name'), '/redditstreamdb/default')]",
            "dependsOn": [
                "[resourceId('Microsoft.Sql/servers/databases', parameters('servers_redditdtreamsqlserver_name'), 'redditstreamdb')]",
                "[resourceId('Microsoft.Sql/servers', parameters('servers_redditdtreamsqlserver_name'))]"
            ],
            "properties": {
                "retentionDays": 7,
                "diffBackupIntervalInHours": 12
            }
        },
        {
            "type": "Microsoft.Sql/servers/databases/extendedAuditingSettings",
            "apiVersion": "2024-05-01-preview",
            "name": "[concat(parameters('servers_redditdtreamsqlserver_name'), '/redditstreamdb/Default')]",
            "dependsOn": [
                "[resourceId('Microsoft.Sql/servers/databases', parameters('servers_redditdtreamsqlserver_name'), 'redditstreamdb')]",
                "[resourceId('Microsoft.Sql/servers', parameters('servers_redditdtreamsqlserver_name'))]"
            ],
            "properties": {
                "retentionDays": 0,
                "isAzureMonitorTargetEnabled": false,
                "state": "Disabled",
                "storageAccountSubscriptionId": "00000000-0000-0000-0000-000000000000"
            }
        },
        {
            "type": "Microsoft.Sql/servers/databases/geoBackupPolicies",
            "apiVersion": "2024-05-01-preview",
            "name": "[concat(parameters('servers_redditdtreamsqlserver_name'), '/redditstreamdb/Default')]",
            "dependsOn": [
                "[resourceId('Microsoft.Sql/servers/databases', parameters('servers_redditdtreamsqlserver_name'), 'redditstreamdb')]",
                "[resourceId('Microsoft.Sql/servers', parameters('servers_redditdtreamsqlserver_name'))]"
            ],
            "properties": {
                "state": "Enabled"
            }
        },
        {
            "type": "Microsoft.Sql/servers/databases/ledgerDigestUploads",
            "apiVersion": "2024-05-01-preview",
            "name": "[concat(parameters('servers_redditdtreamsqlserver_name'), '/redditstreamdb/Current')]",
            "dependsOn": [
                "[resourceId('Microsoft.Sql/servers/databases', parameters('servers_redditdtreamsqlserver_name'), 'redditstreamdb')]",
                "[resourceId('Microsoft.Sql/servers', parameters('servers_redditdtreamsqlserver_name'))]"
            ],
            "properties": {}
        },
        {
            "type": "Microsoft.Sql/servers/databases/securityAlertPolicies",
            "apiVersion": "2024-05-01-preview",
            "name": "[concat(parameters('servers_redditdtreamsqlserver_name'), '/redditstreamdb/Default')]",
            "dependsOn": [
                "[resourceId('Microsoft.Sql/servers/databases', parameters('servers_redditdtreamsqlserver_name'), 'redditstreamdb')]",
                "[resourceId('Microsoft.Sql/servers', parameters('servers_redditdtreamsqlserver_name'))]"
            ],
            "properties": {
                "state": "Disabled",
                "disabledAlerts": [
                    ""
                ],
                "emailAddresses": [
                    ""
                ],
                "emailAccountAdmins": false,
                "retentionDays": 0
            }
        },
        {
            "type": "Microsoft.Sql/servers/databases/transparentDataEncryption",
            "apiVersion": "2024-05-01-preview",
            "name": "[concat(parameters('servers_redditdtreamsqlserver_name'), '/redditstreamdb/Current')]",
            "dependsOn": [
                "[resourceId('Microsoft.Sql/servers/databases', parameters('servers_redditdtreamsqlserver_name'), 'redditstreamdb')]",
                "[resourceId('Microsoft.Sql/servers', parameters('servers_redditdtreamsqlserver_name'))]"
            ],
            "properties": {
                "state": "Enabled"
            }
        },
        {
            "type": "Microsoft.Sql/servers/databases/vulnerabilityAssessments",
            "apiVersion": "2024-05-01-preview",
            "name": "[concat(parameters('servers_redditdtreamsqlserver_name'), '/redditstreamdb/Default')]",
            "dependsOn": [
                "[resourceId('Microsoft.Sql/servers/databases', parameters('servers_redditdtreamsqlserver_name'), 'redditstreamdb')]",
                "[resourceId('Microsoft.Sql/servers', parameters('servers_redditdtreamsqlserver_name'))]"
            ],
            "properties": {
                "recurringScans": {
                    "isEnabled": false,
                    "emailSubscriptionAdmins": true,
                    "emails": []
                }
            }
        },
        {
            "type": "Microsoft.Storage/storageAccounts/blobServices/containers",
            "apiVersion": "2025-01-01",
            "name": "[concat(parameters('storageAccounts_sentimentanlblob_name'), '/default/sentimentanblob')]",
            "dependsOn": [
                "[resourceId('Microsoft.Storage/storageAccounts/blobServices', parameters('storageAccounts_sentimentanlblob_name'), 'default')]",
                "[resourceId('Microsoft.Storage/storageAccounts', parameters('storageAccounts_sentimentanlblob_name'))]"
            ],
            "properties": {
                "immutableStorageWithVersioning": {
                    "enabled": false
                },
                "defaultEncryptionScope": "$account-encryption-key",
                "denyEncryptionScopeOverride": false,
                "publicAccess": "None"
            }
        }
    ]
}